{
    "bayesChangePt": {
        "reward_low_FN_rate": {
            "score": -119.7471580442638,
            "threshold": 0.9813537597656257
        },
        "reward_low_FP_rate": {
            "score": -108.56073591812675,
            "threshold": 0.9945251464843755
        },
        "standard": {
            "score": -74.90347057545071,
            "threshold": 0.9845962524414067
        }
    },
    "contextOSE": {
        "reward_low_FN_rate": {
            "score": 22.67222031445549,
            "threshold": 0.7047851562500003
        },
        "reward_low_FP_rate": {
            "score": 39.38696292192149,
            "threshold": 0.7656372070312502
        },
        "standard": {
            "score": 46.167000006791156,
            "threshold": 0.7655273437500002
        }
    },
    "expose": {
        "reward_low_FN_rate": {
            "score": -138.31510519385378,
            "threshold": 0.9935243606567389
        },
        "reward_low_FP_rate": {
            "score": -108.59703983195969,
            "threshold": 0.9999267578125005
        },
        "standard": {
            "score": -77.86692739970124,
            "threshold": 0.9947875976562506
        }
    },
    "htmjava": {
        "reward_low_FN_rate": {
            "score": 8.764037437134272,
            "threshold": 0.5126953125
        },
        "reward_low_FP_rate": {
            "score": 15.463515082084744,
            "threshold": 0.65076904296875
        },
        "standard": {
            "score": 33.76403743713426,
            "threshold": 0.5126953125
        }
    },
    "knncad": {
        "reward_low_FN_rate": {
            "score": 0.0,
            "threshold": 1.0
        },
        "reward_low_FP_rate": {
            "score": 0.0,
            "threshold": 1.0
        },
        "standard": {
            "score": 0.0,
            "threshold": 1.0
        }
    },
    "null": {
        "reward_low_FN_rate": {
            "score": -232.0,
            "threshold": 0.6250000000000001
        },
        "reward_low_FP_rate": {
            "score": -116.0,
            "threshold": 0.6250000000000001
        },
        "standard": {
            "score": -116.0,
            "threshold": 0.6250000000000001
        }
    },
    "numenta": {
        "reward_low_FN_rate": {
            "score": 26.63445019713757,
            "threshold": 0.5421876907348634
        },
        "reward_low_FP_rate": {
            "score": 30.431072517124097,
            "threshold": 0.5751955032348636
        },
        "standard": {
            "score": 46.63445019713758,
            "threshold": 0.5421876907348634
        }
    },
    "numentaTM": {
        "reward_low_FN_rate": {
            "score": 8.764037437134272,
            "threshold": 0.5126953125
        },
        "reward_low_FP_rate": {
            "score": 15.463515082084744,
            "threshold": 0.65076904296875
        },
        "standard": {
            "score": 33.76403743713426,
            "threshold": 0.5126953125
        }
    },
    "random": {
        "reward_low_FN_rate": {
            "score": -137.34043451378136,
            "threshold": 0.9976570129394536
        },
        "reward_low_FP_rate": {
            "score": -102.62825701794473,
            "threshold": 0.9995178222656259
        },
        "standard": {
            "score": -75.03937990013523,
            "threshold": 0.9982910156250007
        }
    },
    "randomCutForest": {
        "reward_low_FN_rate": {
            "score": -24.07429862443211,
            "threshold": 0.44804840087890635
        },
        "reward_low_FP_rate": {
            "score": -27.003008629582606,
            "threshold": 0.5751955032348636
        },
        "standard": {
            "score": 3.98356657241316,
            "threshold": 0.4539184570312501
        }
    },
    "relativeEntropy": {
        "reward_low_FN_rate": {
            "score": -27.22882247152523,
            "threshold": 0.5
        },
        "reward_low_FP_rate": {
            "score": -5.571823917157029,
            "threshold": 0.5
        },
        "standard": {
            "score": 10.771177528474766,
            "threshold": 0.5
        }
    },
    "skyline": {
        "reward_low_FN_rate": {
            "score": -77.20605964639172,
            "threshold": 0.8031250000000002
        },
        "reward_low_FP_rate": {
            "score": -53.17159266153103,
            "threshold": 0.8996093750000005
        },
        "standard": {
            "score": -33.20605964639173,
            "threshold": 0.8031250000000002
        }
    },
    "twitterADVec": {
        "reward_low_FN_rate": {
            "score": -30.63914483,
            "threshold": 0.5
        },
        "reward_low_FP_rate": {
            "score": -12.15798656,
            "threshold": 0.5
        },
        "standard": {
            "score": -8.639144834,
            "threshold": 0.5
        }
    },
    "windowedGaussian": {
        "reward_low_FN_rate": {
            "score": -95.60167036073126,
            "threshold": 0.9999998092651373
        },
        "reward_low_FP_rate": {
            "score": -160.60310019205397,
            "threshold": 0.9999998092651373
        },
        "standard": {
            "score": -61.60167036073124,
            "threshold": 0.9999998092651373
        }
    }
}